Time Posted,"Image URL","Instagram Post","Caption","Media Type (Image, Video, Carousel)","Engagement Rate","Engagements","Followers","Views","Reach","Likes","Comments","Saves","Shares","Linkin.bio"
"Jan 15, 2026 03:45:38 PM","https://lg-image-prod.s3.us-east-1.amazonaws.com/ig-analytics/18091381108797271-66dba4fe73b73c.jpg","https://www.instagram.com/p/DThZHvJE7dp/","A Bunch of Stuff では、展示作品の着想源となったジョニー・デップ、⁠
彼の個人的なアーティファクトを公開しています。⁠
訪れるたびに、新たな発見があるはず。⁠
まるでミッケ、あなたは見つけれるでしょうか？⁠
⁠
今すぐチケットを手に入れて、ジョニーのパーソナルアイテムを体験してください。⁠
チケットはプロフィールのリンクから。⁠
⁠
A Bunch of Stuff features Johnny Depp’s personal artifacts that inspired him to create the captivating artwork featured throughout the exhibit. You’re sure to discover something new with each visit. Think you can find these items among A Bunch of Stuff?⁠
⁠
Get your tickets today and discover some of Johnny’s personal artifacts. Tickets via link in bio.","carousel","0.0%","184","39150","184","782","163","10","7",,
"Jan 14, 2026 03:58:30 PM","https://lg-image-prod.s3.us-east-1.amazonaws.com/ig-analytics/17960173218041202-e5c29cef4e6606.jpg","https://www.instagram.com/p/DTe1zKuky__/","🎬✨ MOVIE × ART SPECIAL CAMPAIGN ✨🎨⁠
あなたの 『モディリアーニ！』映画チケットで、東京で特別なジョニー・デップ体験を。⁠
この1月、ジョニー・デップの世界が映画館からエキシビション空間へと広がります。⁠
⁠
📅 キャンペーン期間⁠
1月16日〜31日⁠
⁠
🎥 対象作品⁠
ジョニー・デップ監督作品『モディリアーニ！』⁠
⁠
🎁 特典内容⁠
期間中に『モディリアーニ！』をご鑑賞のうえ、映画チケット（半券・電子チケット可）を⁠
A Bunch of Stuff by Johnny Depp 展示会場へお持ちいただくと、《当日受付で購入する入場チケット》が20％OFFになります。⁠
⁠
⚠️ ご注意ください⁠
・割引は【展示会場・当日受付でのチケット購入】のみ対象です⁠
・事前に購入された展示チケットには適用されません⁠
・チケット1枚につき1名様まで⁠
・他割引との併用不可⁠
・映画の鑑賞日と展示会の来場日は、同日でなくてもご利用いただけます⁠
⁠
🛍 グッズ販売中！⁠
展示会会場内のグッズショップでは、『モディリアーニ！』オリジナル・サウンドトラック（レコード・CD）も販売中。⁠
映画の余韻を、そのままアートと音で持ち帰れる特別なラインナップです。⁠
⁠
One artist. One city.⁠
映画を観て、アートに触れて、音楽を手に取る。⁠
この冬、映画と展示を通して広がるジョニー・デップの世界をお楽しみください。⁠
⁠
⁠
🎬✨ MOVIE × ART SPECIAL CAMPAIGN ✨🎨⁠
⁠
Your MODI movie ticket unlocks a special Johnny Depp experience.⁠
⁠
This January, Johnny Depp’s world expands beyond the cinema screen and into the exhibition space.⁠
⁠
📅 Campaign Period⁠
January 16 – January 31⁠
⁠
🎥 Eligible Film⁠
MODI, directed by Johnny Depp⁠
⁠
🎁 Special Offer⁠
Watch MODI during the campaign period and bring your movie ticket⁠ (stub or digital ticket accepted) to the A Bunch of Stuff by Johnny Depp exhibition venue.⁠
⁠
You will receive 20% OFF an exhibition admission ticket purchased at the venue on the same day.⁠
⁠
⚠️ Please Note⁠
•⁠ ⁠The discount applies only to tickets purchased at the exhibition venue on the day of your visit⁠
•⁠ ⁠Advance-purchased exhibition tickets are not eligible⁠
•⁠ ⁠One discount per movie ticket / one person only⁠
•⁠ ⁠Cannot be combined with other offers or discounts⁠
⁠
🛍 EXHIBITION GOODS⁠
At the exhibition’s merchandise shop, the original MODI soundtrack⁠ (vinyl records and CDs) is also available for purchase.⁠
⁠
Take the atmosphere of the film home with you through art and sound.⁠
⁠
One artist. One city.⁠
Watch the film. Experience the art. Discover the music.⁠
This winter, immerse yourself in the world of Johnny Depp through cinema and exhibition.

#ABunchOfStuffTokyo #JohnnyDepp #TokyoExhibition #東京 #日本展覧会","carousel","0.98%","6046","39117","750403","613188","5179","137","367","171",
"Jan 8, 2026 05:16:36 PM","https://lg-image-prod.s3.us-east-1.amazonaws.com/ig-analytics/18109266142726305-2da2eb355d3546.jpg","https://www.instagram.com/p/DTPh91lE42m/","成人式を迎える皆様へ、来場者限定ギフト（お連れ様も）
 
1月12日（月) 成人の日。
ご本人はもちろん、ご一緒に来場される皆さまにも、
それぞれ無料ギフトをプレゼントいたします。
 
新たな一歩を祝う特別な一日。
あなた自身の物語が始まるその瞬間に寄り添う、
ジョニー・デップの自己表現の軌跡を体験してください。
 
【条件】
・ギフトショップカウンターにて、20歳であることが確認できる有効な身分証明書の提示が必要
・当日チケット購入者のみ対象
・備考（注記）： 2025年4月2日〜2026年4月1日の期間に、20歳である方／20歳になる方を対象
・プロモーション期間： 1ヶ月（2026年1月12日〜2026年2月12日）
 
---------
 
Coming of Age Day Special—FREE gifts for those celebrating Coming of Age + their guests.
 
This January 12th (Mon) visit us in celebration of Coming of Age Day! You and your guests will each receive a FREE GIFT upon visiting.
 
A day to celebrate a new step forward. At the moment you step into your own story, experience the journey of Johnny Depp’s self-expression that stands beside you.
 
Conditions are as follows: 
•  Promotion for people who is or will be 20 years of age from 2nd April 2025 until 1st April 2026
•  Promotion duration: 1 month. From 12 Jan 2026 until 12 Feb 2026
•  Must present a valid ID that confirms you are 20 years old at the Gift Shop counter.
•  Limited to same-day ticket purchasers only.","image","10%","1056","39005","27082","10828","967","38","51","25",
"Jan 5, 2026 02:34:00 PM","https://lg-image-prod.s3.us-east-1.amazonaws.com/ig-analytics/17849977005619198-6379d30bac8446.jpg","https://www.instagram.com/p/DTHg-WCE23C/","特別展：ジョニー・デップ⁠
『A Bunch of Stuff』展 ⁠
スターではなく、アーティストとしての真実⁠
静かにその扉が開く⁠
⁠
チケットはリンクから
⁠
このエキシビションはSilk the Rich (@silk_therich)の提供での開催。⁠
公式パートナー:ファミリーマート、Hot Toys、JPS Gallery, Coracho Tequila⁠
@johnnydepp @familymart.japan @hottoyscollectibles, @hottoys_japan, @corachotequila, @corachotequila.japan, @jpsgallery⁠
⁠
Special Exhibition: Johnny Depp⁠
A Bunch of Stuff⁠
⁠
The truth of the artist, not the star⁠
Discover Johnny Depp’s artistic mind. ⁠
⁠
Get your tickets, link in bio.⁠
⁠
#ABunchOfStuff #JohnnyDepp #ArtExhibition #東京 #日本展覧会","image","13%","1262","38979","24891","9759","1173","45","44","16",
"Jan 3, 2026 10:43:30 AM","https://lg-image-prod.s3.us-east-1.amazonaws.com/ig-analytics/17846850852632048-64516d75168f1b.jpg","https://www.instagram.com/p/DTB9AYzE2pS/","静かなリマインダーが囁く、⁠
全ての物語には、終わりがある。⁠
⁠
だからこそ目を向けてほしいんです、⁠
使い込まれた物、残された手紙、⁠
何気なく持ち続けていたものが、⁠
あなたを支えていたことに気づく時。⁠
⁠
ここでは、私的なものが可視化される。⁠
大切に抱えられてきた持ち物達が、いま展示される。⁠
⁠
ジョニー・デップの、最もパーソナルな所蔵品を体験。⁠
A Bunch of Stuff 東京⁠
チケットはプロフィールリンクから。⁠
⁠
A quiet reminder: every story ends.⁠
So pay attention to what remains—⁠
the worn-in objects, the kept letters,⁠
the things you carried without thinking⁠
until they carried you.⁠
⁠
Here, the personal becomes visible:⁠
belongings held close, now held in view.⁠
⁠
Experience Johnny Depp’s most personal belongings.⁠
A Bunch of Stuff Tokyo. ⁠
Get your tickets via link in bio.","image","16%","1167","38936","19641","7701","1063","47","57","33",
"Dec 31, 2025 11:10:29 AM","https://lg-image-prod.s3.us-east-1.amazonaws.com/ig-analytics/18118652446561750-de306c9449f91b.jpg","https://www.instagram.com/p/DS6RtazE3Tc/","新年特別ギフト
⁠
1月2日〜10日の期間中に⁠
『A Bunch of Stuff』展示会へ
ご来場のチケット保持者に⁠
プレゼントをご用意しております！⁠
⁠
中身は数量限定の
スペシャルサプライズ。⁠
なくなり次第終了です。⁠
⁠
1月初旬のチケットはお早めに。⁠
詳細・ご予約はプロフィールリンクから。⁠
⁠

NEW YEAR’S SPECIAL GIFT

A special surprise is waiting for all ticket holders who come and visit the A Bunch fo Stuff Gallery between January 2nd and January 10th. There’s a special surprise inside that’s only available while supplies last!⁠
⁠
Get your tickets for early January today to reserve your spot. Link in bio.⁠
⁠
#ABunchOfStuff #JohnnyDepp #TokyoExhibition #東京 #日本展覧会","carousel","10%","1226","38902","31390","11896","1045","29","85","38",
"Dec 30, 2025 10:00:00 AM","https://lg-image-prod.s3.us-east-1.amazonaws.com/ig-analytics/18086743496106361-4eaccdb9245413.jpg","https://www.instagram.com/p/DS3k9OwEyTc/","期間限定・新作入荷！
 
「A Bunch of Stuff」東京限定Tシャツが、期間限定で登場。
ジョニー・デップの日本展の記念アイテムを、ぜひお持ち帰りください。
 
本商品は日本限定・数量限定。
1月15日まで（在庫がなくなり次第終了）、会場内ギフトショップにて販売中です。
※当日有効の展覧会チケットをお持ちの方のみ購入可能
 
高輪ゲートウェイにて鑑賞後はショップへお立ち寄りください。
チケットはプロフィールのリンクより。
⁠
LIMITED EDITION NEW ARRIVAL!

The A Bunch of Stuff Tokyo-exclusive tee is now available for a LIMITED TIME! Take home a piece of Johnny Depp’s Japan art exhibition.  The limited-edition, Japan-exclusive A Bunch of Stuff Tokyo shirt is available in stores now through Jan 15 (while supplies last). Available only to guests with a same-day exhibition ticket.

Visit Takanawa Gateway and grab yours after the show. Only in stores for a limited time. Link in bio.","carousel","10%","1026","38892","33821","9582","850","37","61","45",
"Dec 30, 2025 09:29:48 AM","https://lg-image-prod.s3.us-east-1.amazonaws.com/ig-analytics/18137393470475823-0e2fc3cfc2cba9.jpg","https://www.instagram.com/p/DS3hYrqkjuO/","期間限定・LIMITED EDITION｜新作入荷！⁠
⁠
『A Bunch of Stuff』東京限定Tシャツが、⁠
東京展チケットをお持ちの方限定・期間限定でギフトショップに参上。⁠
⁠
ジョニー・デップ日本展ローンチの記念を、ぜひ手元に。⁠
クリスマスイブのギフトにもぴったりです。⁠
⁠
公演後はショップへ。⁠
高輪ゲートウェイ店頭限定・数量限定。⁠
詳細はプロフィールリンクから。⁠
⁠
LIMITED EDITION NEW ARRIVAL!⁠
⁠
The A Bunch of Stuff Tokyo-exclusive tee is now available for a LIMITED TIME in the gift shop for Tokyo ticket exhibition holders! Take home a piece of Johnny Depp’s Japan art exhibition. The souvenir makes a great last-minute Christmas gift.⁠
⁠
Visit Takanawa Gateway and grab yours after the show. Only in stores for a limited time. Link in bio.","carousel","0.0%",,"38884",,,,,,,
"Dec 29, 2025 06:32:17 PM","https://lg-image-prod.s3.us-east-1.amazonaws.com/ig-analytics/17959260486013291-70ac2ff6c224ae.jpg","https://www.instagram.com/p/DS16rhIE9kL/","オープン真っ最中！⁠
オープン日：12月31日・1月2日・1月3日・1月4日⁠
⁠
『A Bunch of Stuff』はホリデー期間も開催中。⁠
お仕事を休んだりする必要はありません。⁠
⁠
ジョニー・デップの個人的な作品と、⁠
その創作の源となったオブジェクトの数々を拝見・体験してください。⁠
⁠
最もあなたの心に響く作品は、どれでしょうか？⁠
⁠
チケットはプロフィールリンクから。⁠
⁠
We are open!⁠
Dates Open: 12/31 ・01/02 ・01/03・01/04⁠
⁠
A Bunch of Stuff is open during the holidays. No need to take a day off work. Come experience Johnny Depp’s personal artworks and the objects that inspired them.⁠
⁠
Which artwork will you connect with most?⁠
⁠
Get your tickets via the link in bio.⁠
⁠
#ABunchOfStuff #JohnnyDepp #TokyoExhibition #東京 #日本展覧会","carousel","13%","1415","38862","28878","10302","1229","42","62","41",
"Dec 26, 2025 05:50:41 PM","https://lg-image-prod.s3.us-east-1.amazonaws.com/ig-analytics/18013948910642878-8c6c218942d5c2.jpg","https://www.instagram.com/p/DSuHiK0E5I3/","特別展：ジョニー・デップ⁠
『A Bunch of Stuff』展 ⁠
⁠
スターではなく、アーティストの真実。⁠
ただいま開幕中。チケットはプロフィールリンクから。⁠
⁠
“Special Exhibition: Johnny Depp⁠
A Bunch of Stuff⁠
⁠
The truth of the artist, not the star⁠
Doors now open, tickets via link in bio.⁠
⁠
#ABunchOfStuff #JohnnyDepp #TokyoExhibition #東京 #日本展覧会","image","15%","986","38693","18775","6820","888","43","55","26",
"Dec 24, 2025 09:05:48 PM","https://lg-image-prod.s3.us-east-1.amazonaws.com/ig-analytics/18159941800405710-27c019bb0e1a76.jpg","https://www.instagram.com/p/DSpURhaE09I/","ジョニー・デップが30年にわたり描き続けてきた⁠
個人的なアートを一挙公開。⁠
60点以上にも並ぶ作品、⁠
シネマティックなブラックボックス、テーマ別ギャラリー、⁠
そして限定グッズ。⁠
⁠
すべてを体験できるのは、東京だけ・期間限定。⁠
⁠
このエキシビションはSilk the Rich (@silk_therich)の提供での開催。⁠
公式パートナー:ファミリーマート、Hot Toys、JPS Gallery, Coracho Tequila⁠
@johnnydepp @familymart.japan @hottoyscollectibles, @hottoys_japan, @corachotequila, @corachotequila.japan, @jpsgallery⁠
⁠
Explore 30 years of Johnny Depp’s personal art in A Bunch of Stuff — over 60 works, a cinematic Black Box, themed galleries, and exclusive merch. Limited time only in Tokyo.⁠
⁠
#ABunchOfStuff #JohnnyDepp #TokyoExhibition #東京 #日本展覧会","image","17%","1390","38537","22008","8504","1291","47","52","33",
"Dec 20, 2025 01:27:28 PM","https://lg-image-prod.s3.us-east-1.amazonaws.com/ig-analytics/18090640534769087-858ce096d1d597.jpg","https://www.instagram.com/p/DSeMpDdE5mN/","特別展：ジョニー・デップ
『A Bunch of Stuff』展
余白と光が紡ぐ内省の美学
個人史を刻む“総合芸術”の試み

このエキシビションはSilk the Rich (@silk_therich)の提供での開催。
公式パートナー:ファミリーマート、Hot Toys、JPS Gallery
@johnnydepp @familymart.japan @hottoyscollectibles, @hottoys_japan, @corachotequila, @corachotequila.japan, @jpsgallery 

Special Exhibition: Johnny Depp
A Bunch of Stuff

An introspective aesthetic woven from space and light
A Gesamtkunstwerk marking his personal history.

Tickets on sale now, link in bio.

#ABunchOfStuff #JohnnyDepp #TokyoExhibition #ImmersiveArt #日本展覧会","carousel","17%","1492","37830","28745","8290","1304","53","59","25",
"Dec 17, 2025 08:43:52 PM","https://lg-image-prod.s3.us-east-1.amazonaws.com/ig-analytics/18385635190151528-07d75047aece98.jpg","https://www.instagram.com/p/DSXQMw1DHub/","As is tradition, Johnny opened A Bunch of Stuff in the only way that made sense: not with a ribbon or a speech, but with a painting. 

A first stroke (or spray) on a fresh canvas, like smashing a bottle of champagne against a ship before it sails.

Over the following days and weeks, fans across Tokyo have added their own messages of love and creativity to the wall. 

We can’t wait to welcome you to A Bunch Of Stuff Tokyo. 

そして今回も“例のやり方”で。
ジョニーは『A Bunch of Stuff』の幕開けを、スピーチでもテープカットでもなく、『絵』で始めた。
 
まっさらなキャンバスに置かれた最初の一筆（あるいはスプレー）。
まるで船出の前に船にシャンパンを打ちつける、あの伝統のように。","carousel","13%","362131","37284","7646913","2789963","349704","2645","4516","2421",
"Dec 15, 2025 11:37:48 AM","https://lg-image-prod.s3.us-east-1.amazonaws.com/ig-analytics/18037449308726131-57c8bf017ef15b.jpg","https://www.instagram.com/p/DSRIHZ1k2OM/","ザ・バニーマン。⁠
それは、幼い子どもの悪夢と、アーティストの無意識から引き寄せられた存在。⁠

ジョニーの当時5歳の息子が初めて描いたとき、彼は“怖いもの”…しかしどこか“見覚えのあるもの”として現れました。⁠
⁠
いま彼は、守護者であり、姿を変えるシェイプシフターとして進化。⁠
真実の剣を携え、想像と現実のあいだを行き来する存在となりました。⁠

私たちを怯えさせるものこそ、しばしば最大の創造性を秘めている、その象徴でもあります。⁠
⁠
バニーマンはジョニー・デップの作品に真実性と意図を刻む印。⁠
そして今回、A Bunch of Stuff にて、ついに初めて一般に公開されます。⁠
⁠
このエキシビションはSilk the Rich (@silk_therich)の提供での開催。⁠
公式パートナー:ファミリーマート、Hot Toys、JPS Gallery⁠
@johnnydepp @familymart.japan @hottoyscollectibles, @hottoys_japan, @corachotequila, @corachotequila.japan, @jpsgallery⁠
⁠
The Bunnyman. A figure pulled from a child’s nightmare and an artist’s subconscious. First drawn by Johnny’s five-year-old son, he appeared as something frightening… yet strangely familiar.⁠
⁠
Today, he’s evolved into a guardian and a shapeshifter. A protector holding a sword of truth, bridging the space between imagination and reality. A reminder that the things that scare us often carry our greatest creative power.⁠
⁠
The Bunnyman marks each piece with authenticity and intention and is seen for the first time in public in Johnny Depp’s A Bunch of Stuff.⁠
⁠
#ABunchOfStuff #JohnnyDepp #TokyoExhibition #ImmersiveArt #BAUART #ArtExhibition #Tokyo #日本展覧会 #WeAreNSN⁠","image","7.4%","1203","36328","52264","16624","1127","25","51","22",
"Dec 14, 2025 11:02:02 AM","https://lg-image-prod.s3.us-east-1.amazonaws.com/ig-analytics/18059239415295341-44b4a54efe23c8.jpg","https://www.instagram.com/p/DSOfOnmE4lE/","アートとは、言葉を使わない対話です。⁠
その場の空気を変え、部屋の景色を揺らし、⁠
思いがけない感情を呼び起こす力をもっています。⁠
⁠
『A Bunch of Stuff』は、ジョニーの表舞台の姿のさらに奥へ──⁠
彼の心と創造の根源にある“内なる世界”をそっと紐解きます。⁠
⁠
彼の創造性を支えるオブジェクト、環境、そして執着。そのすべてを巡る体験を。⁠
チケットはプロフィールのリンクよりご購入いただけます。⁠
⁠
このエキシビションはSilk the Rich (@silk_therich)の提供での開催。⁠
公式パートナー:ファミリーマート、Hot Toys、Coracho Tequila, JPS Gallery⁠
@johnnydepp @familymart.japan, @corachotequila,  @corachotequila.japan, @hottoyscollectibles, @hottoys_japan, @jpsgallery⁠
⁠
Art is a conversation without spoken words. It shifts the room. It changes the air. It evokes emotion that you may not have been prepared to feel. A Bunch of Stuff, peels back behind Johnny’s public facing personality to reveal the inner workings of his hear and creative mind.⁠
⁠
Explore the objects, environments, and obsessions that fuel his creativity and make his art possible. Tickets available via link in bio.⁠
⁠
Official Partners: Silk the Rich, FamilyMart, Coracho Tequila, Hot Toys, JPS Gallery⁠
⁠
#ABunchOfStuff #JohnnyDepp #TokyoExhibition #ImmersiveArt #BAUART #ArtExhibition #Tokyo #日本展覧会 #WeAreNSN","image","5.3%","681","36309","45607","13111","640","24","17","10",
"Dec 12, 2025 05:19:03 PM","https://lg-image-prod.s3.us-east-1.amazonaws.com/ig-analytics/17918548479234532-d5ee2289c4a5e1.jpg","https://www.instagram.com/p/DSKAyLPkx8x/","ジョニー・デップのアートと人生を体感する没入型の旅へ⁠
東京でしか体感できい特別な体験。⁠
席数限定につき、ご予約はお早めに。⁠
⁠
このエキシビションはSilk the Rich (@silk_therich)の提供での開催。⁠
公式パートナー:ファミリーマート、Hot Toys、JPS Gallery⁠
@johnnydepp @familymart.japan, @corachotequila, @corachotequila.japan, @hottoyscollectibles, @hottoys_japan, @jpsgallery⁠
⁠
Enter the world of Johnny Depp’s art and life in an immersive journey only in Tokyo. Limited Spots available, book now.⁠
⁠
Official Partners: Silk the Rich, FamilyMart, Coracho Tequila, Hot Toys, JPS Gallery⁠
⁠
#ABunchOfStuff #JohnnyDepp #TokyoExhibition #ImmersiveArt #BAUART #ArtExhibition #Tokyo #日本展覧会 #WeAreNSN","image","14%","1904","36257","45860","14333","1772","56","76","47",
"Dec 11, 2025 02:06:03 PM","https://lg-image-prod.s3.us-east-1.amazonaws.com/ig-analytics/18058754801312787-60ac117e951d56.jpg","https://www.instagram.com/p/DSHF5uRk7OL/","ジョニー・デップの亡き家族の愛犬Moohへ、⁠
彼はピットブル・ボクサーテリアへの愛情深いトリビュートとして、⁠
大規模な絵画で愛犬を不朽のものとしました。⁠
⁠
彼の個人的なアートワークの証人になってください。⁠
チケットはプロフィールのリンクから入手可能です。⁠
⁠
このエキシビションはSilk the Rich (@silk_therich)の提供での開催。⁠
公式パートナー:ファミリーマート、Hot Toys、JPS Gallery⁠
@johnnydepp @familymart.japan, @corachotequila, @hottoyscollectibles, @hottoys_japan, @jpsgallery⁠
⁠
Get closer to Jonny Depp as you experience the love for his dearly departed family dog Mooh, who he immortalised in a large scale painting as an affectionate tribute to the Pit Bull-Boxer terrier.⁠
⁠
Witness his personal artworks in person. Tickets available via link in bio.⁠
⁠
Official Partners: Silk the Rich, FamilyMart, Coracho Tequila, Hot Toys, JPS Gallery","image","11%","1758","36226","53148","16124","1619","59","80","44",
"Dec 10, 2025 11:12:33 AM","https://lg-image-prod.s3.us-east-1.amazonaws.com/ig-analytics/18089898043956769-0eddfe6fd1a66b.jpg","https://www.instagram.com/reel/DSEM9yJkwMi/","東京限定開催の A Bunch of Stuff 展 では、ジョニー・デップによる “Hedy Lamarr” の歌詞が、⁠
ARを通じてキャンバスから立ち上がるように広がり、⁠
日本向けに新たにローカライズされたコンテンツと文脈が体験をさらに深めます。⁠
⁠
日本のためだけに精鋭による設計されたこのXRトリビュートは、⁠
実際に現地で体験した人だけに姿を現す特別な作品。⁠
チケットはプロフィールのリンクより。⁠
⁠
このエキシビションはSilk the Rich (@silk_therich)の提供での開催。⁠
公式パートナー:ファミリーマート、Hot Toys、JPS Gallery⁠
@johnnydepp @familymart.japan, @corachotequila, @hottoyscollectibles, @hottoys_japan, @jpsgallery⁠
⁠
At Tokyo’s exclusive A Bunch of Stuff exhibit, Johnny Depp’s “Hedy Lamarr” lyrics rise from the canvas through an immersive AR experience, enriched with new localized content and context.⁠
⁠
Designed exclusively for Japan, the XR tribute to Hedy Lamarr is only revealed only when experienced in person. Tickets via link in bio.⁠
⁠
Official Partners: Silk the Rich, FamilyMart, Coracho Tequila, Hot Toys, JPS Gallery⁠
⁠
#ABunchOfStuff #JohnnyDepp #TokyoExhibition #ImmersiveArt #BAUART #ArtExhibition #Tokyo #日本展覧会 #WeAreNSN","video","14%","2986","36163","34962","21673","2705","102","179","69",
"Dec 5, 2025 04:26:02 PM","https://lg-image-prod.s3.us-east-1.amazonaws.com/ig-analytics/18066410618411533-b83b7bf4253efe.jpg","https://www.instagram.com/reel/DR347bME7ZQ/","先週、皆様のご愛嬌によりジョニー・デップの没入型アート体験⁠
「A Bunch of Stuff Tokyo」が完売となるオープニングを迎えれました。⁠
⁠
そ・こ・でまだ迷っているあなたへ！⁠
全ての日程のチケットが急速に売れています。⁠
⁠
今すぐチケットを確保して、ジョニー・デップのアートの世界を体験してください！⁠
⁠
公式パートナー：Silk the Rich、ファミリーマート、Coracho Tequila、⁠Hot Toys、JPS Gallery⁠
@johnnydepp @familymart.japan, @corachotequila, @hottoyscollectibles, @hottoys_japan, @jpsgallery⁠
⁠
A Bunch of Stuff Tokyo launched last week to a completely sold-out opening of Johnny Depp’s immersive art experience. Check out these highlights for a taste of what’s ahead.⁠
⁠
Don’t wait! Tickets are selling fast for every date. Secure yours now and witness the world of Johnny Depp’s art.⁠
⁠
Official Partners: Silk the Rich, FamilyMart, Coracho Tequila, Hot Toys, JPS Gallery⁠
⁠
#ABunchOfStuff #JohnnyDepp #TokyoExhibition #ImmersiveArt #BAUART #ArtExhibition #Tokyo #日本展覧会 #WeAreNSN","video","8.1%","2063","35639","42565","27106","1846","71","146","137",
"Nov 28, 2025 03:47:20 PM","https://lg-image-prod.s3.us-east-1.amazonaws.com/ig-analytics/18204321694317215-65b29bf9dc8a9b.jpg","https://www.instagram.com/p/DRlzKOCE3UO/","本日オープン！ 東京プレミアまで⁠
あと3時間を切ったよ！⁠
⁠
このエキシビションはSilk the Rich (@silk_therich)の提供での開催。⁠
公式パートナー:ファミリーマート、Hot Toys、JPS Gallery⁠
@johnnydepp @familymart.japan, @corachotequila , @hottoyscollectibles, @hottoys_japan, @jpsgallery⁠
⁠
There are less than 3 hours left ⁠
for the Tokyo premiere! We’re looking forward to seeing everyone at the opening today!⁠
⁠
Official Partners: Silk the Rich, FamilyMart, Coracho Tequila, Hot Toys, JPS Gallery⁠
⁠
#ABunchOfStuff #JohnnyDepp #TokyoExhibition #ImmersiveArt #BAUART #ArtExhibition #Tokyo #日本展覧会 #WeAreNSN","image","8.5%","1314","33846","78279","16061","1204","54","56","49",
"Nov 26, 2025 08:54:24 PM","https://lg-image-prod.s3.us-east-1.amazonaws.com/ig-analytics/18082464788103959-c5d42619612d1e.jpg","https://www.instagram.com/reel/DRhL7yzkzSy/","A Bunch of Stuffお待ちしています！
チケットはバイオのリンクから

Come join us at the Tokyo Premiere this weekend! Tickets via link in bio.","video","11%","2450","32283","42551","24649","2159","121","170","189",
"Nov 26, 2025 01:22:58 PM","https://lg-image-prod.s3.us-east-1.amazonaws.com/ig-analytics/18048416084426175-d7809567078a2e.jpg","https://www.instagram.com/p/DRgZDBxE1H8/","初日チケット完売！

オープン初日のチケットは完売致しました。

週末チケットも売り切れ御免、お早めに！

このエキシビションはSilk the Rich (@silk_therich)の提供での開催。
公式パートナー:ファミリーマート、Hot Toys、JPS Gallery
@johnnydepp @familymart.japan @hottoyscollectibles, @hottoys_japan, @jpsgallery

OPENING DAY SOLD OUT!

Tickets for the Tokyo Premiere are SOLD OUT! Come join us for the opening weekend. Get your tickets before they're gone.

Official Partners: Silk the Rich, FamilyMart, Hot Toys, JPS Gallery

#ABunchOfStuff #JohnnyDepp #TokyoExhibition #ImmersiveArt #BAUART #ArtExhibition #Tokyo #日本展覧会 #WeAreNSN","carousel","6.8%","1016","31454","92816","14618","862","45","40","41",
"Nov 26, 2025 10:56:41 AM","https://lg-image-prod.s3.us-east-1.amazonaws.com/ig-analytics/18090750886900866-90d6f35a7db461.jpg","https://www.instagram.com/p/DRgITn2ExeH/","🎨 あと2日で開幕！⁠
ジョニー・デップの世界へ— ⁠
創作活動30余年の集大成⁠
厳選された100余点のコレクション⁠
13の独創的な没入空間⁠
東京で巡り合う、冬の特別な芸術体験。 ⁠
「A Bunch of Stuff」 11.28 FRI START 🔥⁠
 詳細・チケット → プロフィールリンク ⁠
⁠
このエキシビションはSilk the Rich (@silk_therich)の提供での開催。⁠
公式パートナー：ファミリーマート、Hot Toys、JPS Gallery⁠
@johnnydepp @familymart.japan @hottoyscollectibles @hottoys_japan @jpsgallery⁠
⁠
🎨 Only 2 Days Until Opening!⁠
Step into the world of Johnny Depp—⁠
The culmination of over 30 years of creative expression.⁠
A curated collection of 100+ works.⁠
13 uniquely immersive spaces.⁠
A special winter art experience awaits in Tokyo.⁠
⁠
“A Bunch of Stuff” opens 11.28 (Fri) 🔥⁠
Details & tickets → Link in bio⁠
⁠
Official Partners: Silk the Rich, FamilyMart, Hot Toys, JPS Gallery","image","7.1%","1161","31420","92143","16981","1060","54","47","38",
"Nov 25, 2025 09:17:44 PM","https://lg-image-prod.s3.us-east-1.amazonaws.com/ig-analytics/18079421015157588-3ac241b061df3c.jpg","https://www.instagram.com/p/DReqlhykxtk/","完売までもう数枠！

初日チケットはほぼ完売、
残りも売り切れ間近です。

お急ぎでチケットを入手してください！

Very few tickets remain for our opening this Friday. Join us and be part of the Tokyo premiere, link in bio.","carousel","7.5%","1066","31328","82095","13777","911","36","44","43",
"Nov 25, 2025 02:20:39 PM","https://lg-image-prod.s3.us-east-1.amazonaws.com/ig-analytics/18305910583271448-31a0e4d55cd64c.jpg","https://www.instagram.com/p/DRd62q8Exxm/","🎨 あと3日で開幕！
アーティスト、ジョニー・デップ
30年分の創造力、解放。
100点超のアート、集結。
13空間の没入体験、始動。
今冬、東京に降臨する唯一無二の展覧会。 
「A Bunch of Stuff」 11.28 FRI START 
 詳細・チケット → プロフィールリンク 

このエキシビションはSilk the Rich (@silk_therich)の提供での開催。
公式パートナー：ファミリーマート、Hot Toys、JPS Gallery
@johnnydepp @familymart.japan @hottoyscollectibles @hottoys_japan @jpsgallery

🎨 3 Days Until Opening!
Artist Johnny Depp—
30 years of creativity, unleashed.
Over 100 artworks, assembled.
13 immersive worlds, activated.
A one-of-a-kind exhibition descending on Tokyo this winter.

“A Bunch of Stuff” opens 11.28 (Fri)
Details & tickets → Link in bio

Official Partners: Silk the Rich, FamilyMart, Hot Toys, JPS Gallery","image","10%","1439","31119","79622","15114","1316","69","54","67",
"Nov 24, 2025 11:32:43 AM","https://lg-image-prod.s3.us-east-1.amazonaws.com/ig-analytics/18122250439534538-28cda17142ffd4.jpg","https://www.instagram.com/p/DRbC10xk1Fy/","特別展：ジョニー・デップ⁠
『A Bunch of Stuff』展 ⁠
これはパレットではなく地図帳。光の軌跡、感情の遺跡、⁠
そして帰郷の道筋。⁠
⁠
このエキシビションはSilk the Rich (@silk_therich)の提供での開催。⁠
公式パートナー:ファミリーマート、Hot Toys、JPS Gallery⁠
@johnnydepp @familymart.japan @hottoyscollectibles, @hottoys_japan, @jpsgallery⁠
⁠
Special Exhibition: Johnny Depp⁠
A Bunch of Stuff ⁠
Not a palette—an atlas. Tracks of light, ruins of feeling, ⁠
routes back home.⁠
⁠
Official Partners: Silk the Rich, FamilyMart, Hot Toys, and JPS Gallery.","image","11%","1174","30509","71801","11160","1058","61","55","26",
"Nov 23, 2025 09:32:27 AM","https://lg-image-prod.s3.us-east-1.amazonaws.com/ig-analytics/18083620262472889-1682e26f83edfb.jpg","https://www.instagram.com/p/DRYQSEwkybe/","特別展：ジョニー・デップ
『A Bunch of Stuff』展 
スクリーンを離れたもう一つの顔
心の奥を映すキャンバスが開かれる

このエキシビションはSilk the Rich (@silk_therich)の提供での開催。
公式パートナー:ファミリーマート、Hot Toys、JPS Gallery
@johnnydepp @familymart.japan @hottoyscollectibles, @hottoys_japan, @jpsgallery

Special Exhibition: Johnny Depp
A Bunch of Stuff – November 2025 -

Another face beyond the screen
Canvases reflecting the depths of his heart are unveiled

#ABunchOfStuff #JohnnyDepp #TokyoExhibition #ImmersiveArt #BAUART #ArtExhibition #Tokyo #日本展覧会 #WeAreNSN","image","12%","2515","29997","116389","20658","2315","72","128","62",
"Nov 21, 2025 06:38:19 PM","https://lg-image-prod.s3.us-east-1.amazonaws.com/ig-analytics/18046727804457109-ea727e5cbd0df1.jpg","https://www.instagram.com/p/DRUFKdMkyRQ/","特別展：ジョニー・デップ
『A Bunch of Stuff』展 
描くことは、思い出すこと。思い出すことは、感じること。
『A Bunch of Stuff』の中で、光そのものが記憶となり、
一筆一筆が、深く生きた人生の静かな余韻となる。

このエキシビションはSilk the Rich (@silk_therich)の提供での開催。
公式パートナー:ファミリーマート、Hot Toys、JPS Gallery
@johnnydepp @familymart.japan @hottoyscollectibles, @hottoys_japan, @jpsgallery

Special Exhibition: Johnny Depp
A Bunch of Stuff 
To paint is to remember. To remember is to feel.
In A Bunch of Stuff, light itself becomes memory — every stroke a quiet echo of a life lived deeply.

Official Partners: Silk the Rich, FamilyMart, Hot Toys, and JPS Gallery.

#ABunchOfStuff #JohnnyDepp #TokyoExhibition #ImmersiveArt #BAUART #ArtExhibition #Tokyo #日本展覧会 #WeAreNSN","image","11%","1415","28966","76671","13810","1305","49","61","41",
"Nov 20, 2025 01:08:15 PM","https://lg-image-prod.s3.us-east-1.amazonaws.com/ig-analytics/18027558788757456-d134b107566e58.jpg","https://www.instagram.com/p/DRQ6mDIk3j7/","【開幕日決定のお知らせ】⁠
⁠
ジョニー・デップによる没入型エキシビション「A Bunch of Stuff」東京展が、⁠
2025年11月28日(金)より正式に開幕いたします。⁠
⁠
📍 会場:NEWoMan高輪 南館2F「+Base 0」⁠
📅 期間:2025年11月28日〜2026年5月6日⁠
🎫 チケット:好評販売中(プロフィールのリンクから)⁠
⁠
ジョニーの30年以上にわたる創作活動から生まれた100点以上の作品を、13の没入型空間でご体験ください。⁠
⁠
詳細・チケット購入:⁠
🔗 abunchofstuff.com/ja⁠
プロフィールのリンクからもアクセス可能⁠
⁠
[Opening Date Announcement]⁠
⁠
The Tokyo edition of @johnnydepp’s immersive exhibition “A Bunch of Stuff” will officially open on Friday, November 28, 2025!⁠
⁠
📍 Venue: NEWoMan Takanawa, South Building 2F “+Base 0”⁠
📅 Period: November 28, 2025 – May 6, 2026⁠
🎫 Tickets: Now on sale (link in bio)⁠
⁠
Experience over 100 works from more than 30 years of Johnny’s creative journey, showcased across 13 immersive spaces.⁠
⁠
Details & Tickets:⁠
🔗 abunchofstuff.com/ja ⁠
Also available via the link in bio ⁠
⁠
#ABunchOfStuff #JohnnyDepp #東京展覧会 #NEWoMan高輪 #没入型アート","image","2.7%","10042","28046","685940","411626","8419","201","1422","1116",
"Nov 19, 2025 05:31:24 PM","https://lg-image-prod.s3.us-east-1.amazonaws.com/ig-analytics/18067223777105901-4a72126604495c.jpg","https://www.instagram.com/p/DROz6jiE0IV/","特別展：ジョニー・デップ⁠
『A Bunch of Stuff』展 ⁠
愛する人々を描いた温かな肖像⁠
私的な記憶に触れるひととき⁠
⁠
このエキシビションはSilk the Rich (@silk_therich)の提供での開催。⁠
公式パートナー:ファミリーマート、Hot Toys、JPS Gallery⁠
@johnnydepp @familymart.japan @hottoyscollectibles, @hottoys_japan, @jpsgallery⁠
⁠
Special Exhibition: Johnny Depp⁠
A Bunch of Stuff – November 2025 –⁠
⁠
See Johnny Depp’s ‘Bunnyman man’ and over 60 pieces of his original art at A Bunch Of Stuff Tokyo. ⁠
⁠
#ABunchOfStuff #JohnnyDepp #TokyoExhibition #ImmersiveArt #BAUART #ArtExhibition #Tokyo #日本展覧会 #WeAreNSN","image","11%","1289","27575","75276","11568","1181","51","57","31",
"Nov 18, 2025 08:02:11 PM","https://lg-image-prod.s3.us-east-1.amazonaws.com/ig-analytics/18132075184488877-14cfdc215a244d.jpg","https://www.instagram.com/p/DRMgYFcE7_I/","特別展：ジョニー・デップ⁠
『A Bunch of Stuff』展 ⁠
眼は見るだけではない——感じている。⁠
一筆ごとに鼓動があり、一色ごとに告白がある。⁠
⁠
このエキシビションはSilk the Rich (@silk_therich)の提供での開催。⁠
公式パートナー:ファミリーマート、Hot Toys、JPS Gallery⁠
@johnnydepp @familymart.japan @hottoyscollectibles, @hottoys_japan, @jpsgallery

Special Exhibition: Johnny Depp
A Bunch of Stuff 
The eye does not only see — it feels.
In every brushstroke, a heartbeat; in every hue, a confession.

Official Partners: Silk the Rich, FamilyMart, Hot Toys, and JPS Gallery.","image","10%","1678","27154","84170","17099","1514","57","107","52",
"Nov 17, 2025 06:23:59 PM","https://lg-image-prod.s3.us-east-1.amazonaws.com/ig-analytics/18067197683106446-883b209f0e484f.jpg","https://www.instagram.com/p/DRJwV-2k7B2/","特別展：ジョニー・デップ⁠
『A Bunch of Stuff』展 ⁠
色彩を削ぎ、光で語る表現⁠
俳優を越えたアーティストの真髄⁠
⁠
このエキシビションはSilk the Rich (@silk_therich)の提供での開催。⁠
公式パートナー:ファミリーマート、Hot Toys、JPS Gallery⁠
@johnnydepp @familymart.japan @hottoyscollectibles, @hottoys_japan, @jpsgallery⁠
⁠
Special Exhibition: Johnny Depp⁠
A Bunch of Stuff – November 2025 –⁠
Stripped-down colors, expression through light⁠
The essence of the artist beyond the actor⁠
⁠
#ABunchOfStuff #JohnnyDepp #TokyoExhibition #ImmersiveArt #BAUART #ArtExhibition #Tokyo #日本展覧会 #WeAreNSN","image","10%","1531","26771","81555","15693","1387","73","71","43",
"Nov 17, 2025 12:18:07 PM","https://lg-image-prod.s3.us-east-1.amazonaws.com/ig-analytics/17969709197975745-c5590548b9a2d3.jpg","https://www.instagram.com/p/DRJGeP_kwZx/","特別展:ジョニー・デップ

A Bunch of Stuff – 2025年11月 –
ジョニー・デップがキャンバスに独特な質感を与えるためにRizlaペーパーを使用していることをご存知ですか?

1999年の作品「Who's Who?」でもその技法がご覧いただけます。

この作品をはじめ、数多くの作品を11月開催のA Bunch Of Stuff 東京展でぜひご覧ください。 ⁠

このエキシビションはSilk the Rich (@silk_therich)の提供での開催。⁠

公式パートナー:ファミリーマート、Hot Toys、JPS Gallery⁠
@johnnydepp @familymart.japan @hottoyscollectibles, @hottoys_japan, @jpsgallery⁠
⁠
Special Exhibition: Johnny Depp⁠
A Bunch of Stuff – November 2025
⁠
Did you know that Johnny Depp uses Rizla papers to give unique texture to his canvases, as seen here with Johnny’s 1999 painting ‘Who’s Who?’. Check out this artwork and many more at A Bunch Of Stuff Tokyo, opening this November. ⁠
⁠
#ABunchOfStuff #JohnnyDepp #TokyoExhibition #ImmersiveArt #BAUART #ArtExhibition #Tokyo #日本展覧会 #WeAreNSN","image","11%","1275","26659","69171","12062","1161","57","57","36",
