Time Posted,"Image URL","Caption","Media Type (Image, Video, Carousel)","Engagements","Views","Reach","Clicks","Likes","Shares","Comments"
"Jan 14, 2026 03:58:37 PM","https://lg-image-prod.s3.us-east-1.amazonaws.com/fb-analytics/397113476816736_122176166822476622-d92988b690d364.jpg","🎬✨ MOVIE × ART SPECIAL CAMPAIGN ✨🎨⁠
あなたの 『モディリアーニ！』映画チケットで、東京で特別なジョニー・デップ体験を。⁠
この1月、ジョニー・デップの世界が映画館からエキシビション空間へと広がります。⁠
⁠
📅 キャンペーン期間⁠
1月16日〜31日⁠
⁠
🎥 対象作品⁠
ジョニー・デップ監督作品『モディリアーニ！』⁠
⁠
🎁 特典内容⁠
期間中に『モディリアーニ！』をご鑑賞のうえ、映画チケット（半券・電子チケット可）を⁠
A Bunch of Stuff by Johnny Depp 展示会場へお持ちいただくと、《当日受付で購入する入場チケット》が20％OFFになります。⁠
⁠
⚠️ ご注意ください⁠
・割引は【展示会場・当日受付でのチケット購入】のみ対象です⁠
・事前に購入された展示チケットには適用されません⁠
・チケット1枚につき1名様まで⁠
・他割引との併用不可⁠
・映画の鑑賞日と展示会の来場日は、同日でなくてもご利用いただけます⁠
⁠
🛍 グッズ販売中！⁠
展示会会場内のグッズショップでは、『モディリアーニ！』オリジナル・サウンドトラック（レコード・CD）も販売中。⁠
映画の余韻を、そのままアートと音で持ち帰れる特別なラインナップです。⁠
⁠
One artist. One city.⁠
映画を観て、アートに触れて、音楽を手に取る。⁠
この冬、映画と展示を通して広がるジョニー・デップの世界をお楽しみください。⁠
⁠
⁠
🎬✨ MOVIE × ART SPECIAL CAMPAIGN ✨🎨⁠
⁠
Your MODI movie ticket unlocks a special Johnny Depp experience.⁠
⁠
This January, Johnny Depp’s world expands beyond the cinema screen and into the exhibition space.⁠
⁠
📅 Campaign Period⁠
January 16 – January 31⁠
⁠
🎥 Eligible Film⁠
MODI, directed by Johnny Depp⁠
⁠
🎁 Special Offer⁠
Watch MODI during the campaign period and bring your movie ticket⁠ (stub or digital ticket accepted) to the A Bunch of Stuff by Johnny Depp exhibition venue.⁠
⁠
You will receive 20% OFF an exhibition admission ticket purchased at the venue on the same day.⁠
⁠
⚠️ Please Note⁠
•⁠  ⁠The discount applies only to tickets purchased at the exhibition venue on the day of your visit⁠
•⁠  ⁠Advance-purchased exhibition tickets are not eligible⁠
•⁠  ⁠One discount per movie ticket / one person only⁠
•⁠  ⁠Cannot be combined with other offers or discounts⁠
⁠
🛍 EXHIBITION GOODS⁠
At the exhibition’s merchandise shop, the original MODI soundtrack⁠ (vinyl records and CDs) is also available for purchase.⁠
⁠
Take the atmosphere of the film home with you through art and sound.⁠
⁠
One artist. One city.⁠
Watch the film. Experience the art. Discover the music.⁠
This winter, immerse yourself in the world of Johnny Depp through cinema and exhibition.

#ABunchOfStuffTokyo #JohnnyDepp #TokyoExhibition #東京 #日本展覧会","album","258","1520","798","132","59","4","11"
"Jan 8, 2026 05:16:42 PM","https://lg-image-prod.s3.us-east-1.amazonaws.com/fb-analytics/397113476816736_122175535466476622-50594992e7f0d4.jpg","成人式を迎える皆様へ、来場者限定ギフト（お連れ様も）
 
1月12日（月) 成人の日。
ご本人はもちろん、ご一緒に来場される皆さまにも、
それぞれ無料ギフトをプレゼントいたします。
 
新たな一歩を祝う特別な一日。
あなた自身の物語が始まるその瞬間に寄り添う、
ジョニー・デップの自己表現の軌跡を体験してください。
 
【条件】
・ギフトショップカウンターにて、20歳であることが確認できる有効な身分証明書の提示が必要
・当日チケット購入者のみ対象
・備考（注記）： 2025年4月2日〜2026年4月1日の期間に、20歳である方／20歳になる方を対象
・プロモーション期間： 1ヶ月（2026年1月12日〜2026年2月12日）
 
---------
 
Coming of Age Day Special—FREE gifts for those celebrating Coming of Age + their guests.
 
This January 12th (Mon) visit us in celebration of Coming of Age Day! You and your guests will each receive a FREE GIFT upon visiting.
 
A day to celebrate a new step forward. At the moment you step into your own story, experience the journey of Johnny Depp’s self-expression that stands beside you.
 
Conditions are as follows: 
•  Promotion for people who is or will be 20 years of age from 2nd April 2025 until 1st April 2026
•  Promotion duration: 1 month. From 12 Jan 2026 until 12 Feb 2026
•  Must present a valid ID that confirms you are 20 years old at the Gift Shop counter.
•  Limited to same-day ticket purchasers only.","photo","165","2163","1203","63","60","6","6"
"Jan 5, 2026 02:34:05 PM","https://lg-image-prod.s3.us-east-1.amazonaws.com/fb-analytics/397113476816736_122175246926476622-bcec89ebf10721.jpg","https://abunchofstuff.com/ja特別展：ジョニー・デップ⁠
『A Bunch of Stuff』展 ⁠
スターではなく、アーティストとしての真実⁠
静かにその扉が開く⁠
⁠
チケットはこちら: https://abunchofstuff.com/ja⁠
⁠
このエキシビションはSilk the Rich (@silk_therich)の提供での開催。⁠
公式パートナー:ファミリーマート、Hot Toys、JPS Gallery, Coracho Tequila⁠
⁠
Special Exhibition: Johnny Depp⁠
A Bunch of Stuff⁠
⁠
The truth of the artist, not the star⁠
Discover Johnny Depp’s artistic mind. ⁠
⁠
Get your tickets: https://abunchofstuff.com/ja
⁠
#ABunchOfStuff #JohnnyDepp #ArtExhibition #東京 #日本展覧会","photo","326","2732","1487","132","104","5","21"
"Jan 3, 2026 10:43:35 AM","https://lg-image-prod.s3.us-east-1.amazonaws.com/fb-analytics/397113476816736_122175039860476622-137d5188f0ef19.jpg","静かなリマインダーが囁く、⁠
全ての物語には、終わりがある。⁠
⁠
だからこそ目を向けてほしいんです、⁠
使い込まれた物、残された手紙、⁠
何気なく持ち続けていたものが、⁠
あなたを支えていたことに気づく時。⁠
⁠
ここでは、私的なものが可視化される。⁠
大切に抱えられてきた持ち物達が、いま展示される。⁠
⁠
ジョニー・デップの、最もパーソナルな所蔵品を体験。⁠
A Bunch of Stuff 東京⁠
チケットはプロフィールリンクから。⁠
⁠
A quiet reminder: every story ends.⁠
So pay attention to what remains—⁠
the worn-in objects, the kept letters,⁠
the things you carried without thinking⁠
until they carried you.⁠
⁠
Here, the personal becomes visible:⁠
belongings held close, now held in view.⁠
⁠
Experience Johnny Depp’s most personal belongings.⁠
A Bunch of Stuff Tokyo. ⁠
Get your tickets via link in bio.","photo","220","1976","996","92","63","4","19"
"Dec 31, 2025 11:15:39 AM","https://lg-image-prod.s3.us-east-1.amazonaws.com/fb-analytics/397113476816736_122174771042476622-59380c56f591ce.jpg","新年特別ギフト !
⁠
1月2日〜10日の期間中に⁠
『A Bunch of Stuff』展示会へ
ご来場のチケット保持者に⁠
プレゼントをご用意しております！⁠
⁠
中身は数量限定の
スペシャルサプライズ。⁠
なくなり次第終了です。⁠
⁠
1月初旬のチケットはお早めに。⁠
詳細はこちら: https://www.abunchofstuff.com
⁠
New Year Special Gift!

A surprise is waiting for all ticket holders who come and visit the A Bunch fo Stuff Gallery between January 2nd and January 10th. There’s a special surprise inside that’s only available while supplies last!⁠
⁠
Get your tickets for early January today to reserve your spot: https://www.abunchofstuff.com
⁠
#ABunchOfStuff #JohnnyDepp #TokyoExhibition #東京 #日本展覧会","photo","267","2775","1418","134","72","10","12"
"Dec 30, 2025 10:00:06 AM","https://lg-image-prod.s3.us-east-1.amazonaws.com/fb-analytics/397113476816736_122174678282476622-8b37e4cc1014e6.jpg","期間限定・LIMITED EDITION｜新作入荷！⁠
⁠
「A Bunch of Stuff」東京限定Tシャツが、期間限定で登場。
ジョニー・デップの日本展の記念アイテムを、ぜひお持ち帰りください。
 
本商品は日本限定・数量限定。
1月15日まで（在庫がなくなり次第終了）、会場内ギフトショップにて販売中です。
※当日有効の展覧会チケットをお持ちの方のみ購入可能
 
高輪ゲートウェイにて鑑賞後はショップへお立ち寄りください。
チケットはこちら: abunchofstuff.com/ja

LIMITED EDITION NEW ARRIVAL!⁠
⁠
The A Bunch of Stuff Tokyo-exclusive tee is now available for a LIMITED TIME! Take home a piece of Johnny Depp’s Japan art exhibition.  The limited-edition, Japan-exclusive A Bunch of Stuff Tokyo shirt is available in stores now through Jan 15 (while supplies last). Available only to guests with a same-day exhibition ticket.

Visit Takanawa Gateway and grab yours after the show. Only in stores for a limited time. Get your ticket: abunchofstuff.com","album","226","1884","1039","118","63","4","10"
"Dec 29, 2025 06:40:02 PM","https://lg-image-prod.s3.us-east-1.amazonaws.com/fb-analytics/397113476816736_122174623538476622-0ea0fcc2996076.jpg","オープン真っ最中！⁠
オープン日：12月31日・1月2日・1月3日・1月4日⁠
⁠
『A Bunch of Stuff』はホリデー期間も開催中。⁠
お仕事を休んだりする必要はありません。⁠
⁠
ジョニー・デップの個人的な作品と、⁠
その創作の源となったオブジェクトの数々を拝見・体験してください。⁠
⁠
最もあなたの心に響く作品は、どれでしょうか？⁠
⁠
チケット: http://abunchofstuff.com/ja￼","photo","291","2260","1209","124","88","5","13"
"Dec 26, 2025 05:50:45 PM","https://lg-image-prod.s3.us-east-1.amazonaws.com/fb-analytics/397113476816736_122174337188476622-7f162c118b2d8d.jpg","特別展：ジョニー・デップ⁠
『A Bunch of Stuff』展 ⁠
⁠
スターではなく、アーティストの真実。⁠
ただいま開幕中。チケットはプロフィールリンクから。⁠
⁠
“Special Exhibition: Johnny Depp⁠
A Bunch of Stuff⁠
⁠
The truth of the artist, not the star⁠
Doors now open, tickets via link in bio.⁠
⁠
#ABunchOfStuff #JohnnyDepp #TokyoExhibition #東京 #日本展覧会","photo","224","2749","1575","88","72","5","9"
"Dec 24, 2025 09:05:54 PM","https://lg-image-prod.s3.us-east-1.amazonaws.com/fb-analytics/397113476816736_122174132360476622-3760740803f0ec.jpg","ジョニー・デップが30年にわたり描き続けてきた⁠
個人的なアートを一挙公開。⁠
60点以上にも並ぶ作品、⁠
シネマティックなブラックボックス、テーマ別ギャラリー、⁠
そして限定グッズ。⁠
⁠
すべてを体験できるのは、東京だけ・期間限定。⁠
⁠
このエキシビションはSilk the Rich (@silk_therich)の提供での開催。⁠
公式パートナー:ファミリーマート、Hot Toys、JPS Gallery, Coracho Tequila⁠
@johnnydepp @familymart.japan @hottoyscollectibles, @hottoys_japan, @corachotequila, @corachotequila.japan, @jpsgallery⁠
⁠
Explore 30 years of Johnny Depp’s personal art in A Bunch of Stuff — over 60 works, a cinematic Black Box, themed galleries, and exclusive merch. Limited time only in Tokyo.⁠
⁠
#ABunchOfStuff #JohnnyDepp #TokyoExhibition #東京 #日本展覧会","photo","204","1875","1019","47","76","6","13"
"Dec 20, 2025 01:27:35 PM","https://lg-image-prod.s3.us-east-1.amazonaws.com/fb-analytics/397113476816736_122173755830476622-c8b7a6f76dc4d3.jpg","特別展：ジョニー・デップ
『A Bunch of Stuff』展
余白と光が紡ぐ内省の美学
個人史を刻む“総合芸術”の試み

このエキシビションはSilk the Rich (@silk_therich)の提供での開催。
公式パートナー:ファミリーマート、Hot Toys、JPS Gallery
@johnnydepp @familymart.japan @hottoyscollectibles, @hottoys_japan, @corachotequila, @corachotequila.japan, @jpsgallery 

Special Exhibition: Johnny Depp
A Bunch of Stuff

An introspective aesthetic woven from space and light
A Gesamtkunstwerk marking his personal history.

Tickets on sale now, link in bio.

#ABunchOfStuff #JohnnyDepp #TokyoExhibition #ImmersiveArt #日本展覧会","album","227","1901","931","78","77","5","10"
"Dec 17, 2025 08:43:59 PM","https://lg-image-prod.s3.us-east-1.amazonaws.com/fb-analytics/397113476816736_122173515854476622-5881ac4ecf1043.jpg","As is tradition, Johnny opened A Bunch of Stuff in the only way that made sense: not with a ribbon or a speech, but with a painting. 

A first stroke (or spray) on a fresh canvas, like smashing a bottle of champagne against a ship before it sails.

Over the following days and weeks, fans across Tokyo have added their own messages of love and creativity to the wall. 

We can’t wait to welcome you to A Bunch Of Stuff Tokyo. 

そして今回も“例のやり方”で。
ジョニーは『A Bunch of Stuff』の幕開けを、スピーチでもテープカットでもなく、『絵』で始めた。
 
まっさらなキャンバスに置かれた最初の一筆（あるいはスプレー）。
まるで船出の前に船にシャンパンを打ちつける、あの伝統のように。","album","1184","6125","3028","721","230","17","29"
"Dec 15, 2025 11:37:52 AM","https://lg-image-prod.s3.us-east-1.amazonaws.com/fb-analytics/397113476816736_122173308350476622-e310b1d3fc9547.jpg","ザ・バニーマン。⁠
それは、幼い子どもの悪夢と、アーティストの無意識から引き寄せられた存在。⁠

ジョニーの当時5歳の息子が初めて描いたとき、彼は“怖いもの”…しかしどこか“見覚えのあるもの”として現れました。⁠
⁠
いま彼は、守護者であり、姿を変えるシェイプシフターとして進化。⁠
真実の剣を携え、想像と現実のあいだを行き来する存在となりました。⁠

私たちを怯えさせるものこそ、しばしば最大の創造性を秘めている、その象徴でもあります。⁠
⁠
バニーマンはジョニー・デップの作品に真実性と意図を刻む印。⁠
そして今回、A Bunch of Stuff にて、ついに初めて一般に公開されます。⁠
⁠
このエキシビションはSilk the Rich (@silk_therich)の提供での開催。⁠
公式パートナー:ファミリーマート、Hot Toys、JPS Gallery⁠
@johnnydepp @familymart.japan @hottoyscollectibles, @hottoys_japan, @corachotequila, @corachotequila japan, @jpsgallery⁠
⁠
The Bunnyman. A figure pulled from a child’s nightmare and an artist’s subconscious. First drawn by Johnny’s five-year-old son, he appeared as something frightening… yet strangely familiar.⁠
⁠
Today, he’s evolved into a guardian and a shapeshifter. A protector holding a sword of truth, bridging the space between imagination and reality. A reminder that the things that scare us often carry our greatest creative power.⁠
⁠
The Bunnyman marks each piece with authenticity and intention and is seen for the first time in public in Johnny Depp’s A Bunch of Stuff.⁠
⁠
#ABunchOfStuff #JohnnyDepp #TokyoExhibition #ImmersiveArt #BAUART #ArtExhibition #Tokyo #日本展覧会 #WeAreNSN","photo","138","1934","1068","48","50","2","6"
"Dec 14, 2025 11:02:08 AM","https://lg-image-prod.s3.us-east-1.amazonaws.com/fb-analytics/397113476816736_122173212560476622-ad088f830a7fd1.jpg","アートとは、言葉を使わない対話です。⁠
その場の空気を変え、部屋の景色を揺らし、⁠
思いがけない感情を呼び起こす力をもっています。⁠
⁠
『A Bunch of Stuff』は、ジョニーの表舞台の姿のさらに奥へ──⁠
彼の心と創造の根源にある“内なる世界”をそっと紐解きます。⁠
⁠
彼の創造性を支えるオブジェクト、環境、そして執着。そのすべてを巡る体験を。⁠
チケットはプロフィールのリンクよりご購入いただけます。⁠
⁠
このエキシビションはSilk the Rich (@silk_therich)の提供での開催。⁠
公式パートナー:ファミリーマート、Hot Toys、JPS Gallery⁠
@johnnydepp @familymart.japan, @corachotequila,  @corachotequila.japan, @hottoyscollectibles, @hottoys_japan, @jpsgallery⁠
⁠
Art is a conversation without spoken words. It shifts the room. It changes the air. It evokes emotion that you may not have been prepared to feel. A Bunch of Stuff, peels back behind Johnny’s public facing personality to reveal the inner workings of his hear and creative mind.⁠
⁠
Explore the objects, environments, and obsessions that fuel his creativity and make his art possible. Tickets available via link in bio.⁠
⁠
Official Partners: Silk the Rich, FamilyMart, Coracho Tequila, Hot Toys, JPS Gallery⁠
⁠
#ABunchOfStuff #JohnnyDepp #TokyoExhibition #ImmersiveArt #BAUART #ArtExhibition #Tokyo #日本展覧会 #WeAreNSN","photo","77","1569","834","18","26","2","7"
"Dec 12, 2025 05:19:08 PM","https://lg-image-prod.s3.us-east-1.amazonaws.com/fb-analytics/397113476816736_122173052288476622-24a1a5ad4dbde2.jpg","ジョニー・デップのアートと人生を体感する没入型の旅へ⁠
東京でしか体感できい特別な体験。⁠
席数限定につき、ご予約はお早めに。⁠
⁠
このエキシビションはSilk the Rich (@silk_therich)の提供での開催。⁠
公式パートナー:ファミリーマート、Hot Toys、JPS Gallery⁠
@johnnydepp @familymart.japan, @corachotequila, @hottoyscollectibles, @hottoys_japan, @jpsgallery⁠
⁠
Enter the world of Johnny Depp’s art and life in an immersive journey only in Tokyo. Limited Spots available, book now.⁠
⁠
Official Partners: Silk the Rich, FamilyMart, Coracho Tequila, Hot Toys, JPS Gallery⁠
⁠
#ABunchOfStuff #JohnnyDepp #TokyoExhibition #ImmersiveArt #BAUART #ArtExhibition #Tokyo #日本展覧会 #WeAreNSN","photo","190","2048","1225","47","77","5","12"
"Dec 11, 2025 02:06:08 PM","https://lg-image-prod.s3.us-east-1.amazonaws.com/fb-analytics/397113476816736_122172943058476622-9463379f9e7c8e.jpg","ジョニー・デップの亡き家族の愛犬Moohへ、⁠
彼はピットブル・ボクサーテリアへの愛情深いトリビュートとして、⁠
大規模な絵画で愛犬を不朽のものとしました。⁠
⁠
彼の個人的なアートワークの証人になってください。⁠
チケットはプロフィールのリンクから入手可能です。⁠
⁠
このエキシビションはSilk the Rich (@silk_therich)の提供での開催。⁠
公式パートナー:ファミリーマート、Hot Toys、JPS Gallery⁠
@johnnydepp @familymart.japan, @corachotequila, @hottoyscollectibles, @hottoys_japan, @jpsgallery⁠
⁠
Get closer to Jonny Depp as you experience the love for his dearly departed family dog Mooh, who he immortalised in a large scale painting as an affectionate tribute to the Pit Bull-Boxer terrier.⁠
⁠
Witness his personal artworks in person. Tickets available via link in bio.⁠
⁠
Official Partners: Silk the Rich, FamilyMart, Coracho Tequila, Hot Toys, JPS Gallery","photo","173","2429","1231","49","60","7","12"
"Dec 10, 2025 11:12:40 AM","https://lg-image-prod.s3.us-east-1.amazonaws.com/fb-analytics/397113476816736_122172839288476622-2fb593819c4d7c.jpg","東京限定開催の A Bunch of Stuff 展 では、ジョニー・デップによる “Hedy Lamarr” の歌詞が、⁠
ARを通じてキャンバスから立ち上がるように広がり、⁠
日本向けに新たにローカライズされたコンテンツと文脈が体験をさらに深めます。⁠
⁠
日本のためだけに精鋭による設計されたこのXRトリビュートは、⁠
実際に現地で体験した人だけに姿を現す特別な作品。⁠
チケットはプロフィールのリンクより。⁠
⁠
このエキシビションはSilk the Rich (@silk_therich)の提供での開催。⁠
公式パートナー:ファミリーマート、Hot Toys、JPS Gallery⁠
@johnnydepp @familymart.japan, @corachotequila, @hottoyscollectibles, @hottoys_japan, @jpsgallery⁠
⁠
At Tokyo’s exclusive A Bunch of Stuff exhibit, Johnny Depp’s “Hedy Lamarr” lyrics rise from the canvas through an immersive AR experience, enriched with new localized content and context.⁠
⁠
Designed exclusively for Japan, the XR tribute to Hedy Lamarr is only revealed only when experienced in person. Tickets via link in bio.⁠
⁠
Official Partners: Silk the Rich, FamilyMart, Coracho Tequila, Hot Toys, JPS Gallery⁠
⁠
#ABunchOfStuff #JohnnyDepp #TokyoExhibition #ImmersiveArt #BAUART #ArtExhibition #Tokyo #日本展覧会 #WeAreNSN","video_inline","286","2430","1661","66","106","15","20"
"Dec 5, 2025 04:26:10 PM","https://lg-image-prod.s3.us-east-1.amazonaws.com/fb-analytics/397113476816736_122172261308476622-22176610384548.jpg","先週、皆様のご愛嬌によりジョニー・デップの没入型アート体験⁠
「A Bunch of Stuff Tokyo」が完売となるオープニングを迎えれました。⁠
⁠
そ・こ・でまだ迷っているあなたへ！⁠
全ての日程のチケットが急速に売れています。⁠
⁠
今すぐチケットを確保して、ジョニー・デップのアートの世界を体験してください！⁠
⁠
公式パートナー：Silk the Rich、ファミリーマート、Coracho Tequila、⁠Hot Toys、JPS Gallery⁠
@johnnydepp @familymart.japan, @corachotequila, @hottoyscollectibles, @hottoys_japan, @jpsgallery⁠
⁠
A Bunch of Stuff Tokyo launched last week to a completely sold-out opening of Johnny Depp’s immersive art experience. Check out these highlights for a taste of what’s ahead.⁠
⁠
Don’t wait! Tickets are selling fast for every date. Secure yours now and witness the world of Johnny Depp’s art.⁠
⁠
Official Partners: Silk the Rich, FamilyMart, Coracho Tequila, Hot Toys, JPS Gallery⁠
⁠
#ABunchOfStuff #JohnnyDepp #TokyoExhibition #ImmersiveArt #BAUART #ArtExhibition #Tokyo #日本展覧会 #WeAreNSN","video_inline","200","1562","1093","55","80","6","16"
"Nov 28, 2025 03:47:27 PM","https://lg-image-prod.s3.us-east-1.amazonaws.com/fb-analytics/397113476816736_122171634998476622-96ebbe9489c95b.jpg","本日オープン！ 東京プレミアまで⁠
あと3時間を切ったよ！⁠
⁠
このエキシビションはSilk the Rich (@silk_therich)の提供での開催。⁠
公式パートナー:ファミリーマート、Hot Toys、JPS Gallery⁠
@johnnydepp @familymart.japan @hottoyscollectibles, @hottoys_japan, @jpsgallery⁠
⁠
There are less than 3 hours left ⁠
for the Tokyo premiere! We’re looking forward to seeing everyone at the opening today!⁠
⁠
Official Partners: Silk the Rich, FamilyMart, Hot Toys, JPS Gallery⁠
⁠
#ABunchOfStuff #JohnnyDepp #TokyoExhibition #ImmersiveArt #BAUART #ArtExhibition #Tokyo #日本展覧会 #WeAreNSN","photo","210","2646","1284","64","73","5","20"
"Nov 26, 2025 08:54:31 PM","https://lg-image-prod.s3.us-east-1.amazonaws.com/fb-analytics/397113476816736_122171399456476622-6415c8d2f0d58f.jpg","A Bunch of Stuffお待ちしています！
チケットはバイオのリンクから

Come join us at the Tokyo Premiere this weekend! Tickets via link in bio.","video_inline","231","2413","1322","26","92","11","27"
"Nov 26, 2025 01:23:05 PM","https://lg-image-prod.s3.us-east-1.amazonaws.com/fb-analytics/397113476816736_122171364008476622-417ce57c91db4f.jpg","初日チケット完売！

オープン初日のチケットは完売致しました。

週末チケットも売り切れ御免、お早めに！

このエキシビションはSilk the Rich (@silk_therich)の提供での開催。
公式パートナー:ファミリーマート、Hot Toys、JPS Gallery
@johnnydepp @familymart.japan @hottoyscollectibles, @hottoys_japan, @jpsgallery

OPENING DAY SOLD OUT!

Tickets for the Tokyo Premiere are SOLD OUT! Come join us for the opening weekend. Get your tickets before they're gone.

Official Partners: Silk the Rich, FamilyMart, Hot Toys, JPS Gallery

#ABunchOfStuff #JohnnyDepp #TokyoExhibition #ImmersiveArt #BAUART #ArtExhibition #Tokyo #日本展覧会 #WeAreNSN","album","135","1855","929","41","46","2","17"
"Nov 26, 2025 10:56:46 AM","https://lg-image-prod.s3.us-east-1.amazonaws.com/fb-analytics/397113476816736_122171357024476622-98e0df7411268e.jpg","🎨 あと2日で開幕！⁠
ジョニー・デップの世界へ— ⁠
創作活動30余年の集大成⁠
厳選された100余点のコレクション⁠
13の独創的な没入空間⁠
東京で巡り合う、冬の特別な芸術体験。 ⁠
「A Bunch of Stuff」 11.28 FRI START 🔥⁠
 詳細・チケット → プロフィールリンク ⁠
⁠
このエキシビションはSilk the Rich (@silk_therich)の提供での開催。⁠
公式パートナー：ファミリーマート、Hot Toys、JPS Gallery⁠
@johnnydepp @familymart.japan @hottoyscollectibles @hottoys_japan @jpsgallery⁠
⁠
🎨 Only 2 Days Until Opening!⁠
Step into the world of Johnny Depp—⁠
The culmination of over 30 years of creative expression.⁠
A curated collection of 100+ works.⁠
13 uniquely immersive spaces.⁠
A special winter art experience awaits in Tokyo.⁠
⁠
“A Bunch of Stuff” opens 11.28 (Fri) 🔥⁠
Details & tickets → Link in bio⁠
⁠
Official Partners: Silk the Rich, FamilyMart, Hot Toys, JPS Gallery","photo","202","2002","1110","74","61","4","24"
"Nov 25, 2025 09:17:49 PM","https://lg-image-prod.s3.us-east-1.amazonaws.com/fb-analytics/397113476816736_122171313944476622-3d8d34fc6629f5.jpg","完売までもう数枠！

初日チケットはほぼ完売、
残りも売り切れ間近です。

お急ぎでチケットを入手してください！

Very few tickets remain for our opening this Friday. Join us and be part of the Tokyo premiere, link in bio.","album","124","1498","825","45","38","2","9"
"Nov 25, 2025 02:20:45 PM","https://lg-image-prod.s3.us-east-1.amazonaws.com/fb-analytics/397113476816736_122171286266476622-923a63eb3cacae.jpg","🎨 あと3日で開幕！
アーティスト、ジョニー・デップ
30年分の創造力、解放。
100点超のアート、集結。
13空間の没入体験、始動。
今冬、東京に降臨する唯一無二の展覧会。 
「A Bunch of Stuff」 11.28 FRI START 
 詳細・チケット → プロフィールリンク 

このエキシビションはSilk the Rich (@silk_therich)の提供での開催。
公式パートナー：ファミリーマート、Hot Toys、JPS Gallery
@johnnydepp @familymart.japan @hottoyscollectibles @hottoys_japan @jpsgallery

🎨 3 Days Until Opening!
Artist Johnny Depp—
30 years of creativity, unleashed.
Over 100 artworks, assembled.
13 immersive worlds, activated.
A one-of-a-kind exhibition descending on Tokyo this winter.

“A Bunch of Stuff” opens 11.28 (Fri)
Details & tickets → Link in bio

Official Partners: Silk the Rich, FamilyMart, Hot Toys, JPS Gallery","photo","174","1743","974","60","52","3","14"
"Nov 24, 2025 11:32:48 AM","https://lg-image-prod.s3.us-east-1.amazonaws.com/fb-analytics/397113476816736_122171194646476622-3fcd787714a989.jpg","特別展：ジョニー・デップ⁠
『A Bunch of Stuff』展 ⁠
これはパレットではなく地図帳。光の軌跡、感情の遺跡、⁠
そして帰郷の道筋。⁠
⁠
このエキシビションはSilk the Rich (@silk_therich)の提供での開催。⁠
公式パートナー:ファミリーマート、Hot Toys、JPS Gallery⁠
@johnnydepp @familymart.japan @hottoyscollectibles, @hottoys_japan, @jpsgallery⁠
⁠
Special Exhibition: Johnny Depp⁠
A Bunch of Stuff ⁠
Not a palette—an atlas. Tracks of light, ruins of feeling, ⁠
routes back home.⁠
⁠
Official Partners: Silk the Rich, FamilyMart, Hot Toys, and JPS Gallery.","photo","130","1971","1083","31","41","7","17"
"Nov 23, 2025 09:32:33 AM","https://lg-image-prod.s3.us-east-1.amazonaws.com/fb-analytics/397113476816736_122171099558476622-9b7416c853eeba.jpg","特別展：ジョニー・デップ
『A Bunch of Stuff』展 
スクリーンを離れたもう一つの顔
心の奥を映すキャンバスが開かれる

このエキシビションはSilk the Rich (@silk_therich)の提供での開催。
公式パートナー:ファミリーマート、Hot Toys、JPS Gallery
@johnnydepp @familymart.japan @hottoyscollectibles, @hottoys_japan, @jpsgallery

Special Exhibition: Johnny Depp
A Bunch of Stuff – November 2025 -

Another face beyond the screen
Canvases reflecting the depths of his heart are unveiled

#ABunchOfStuff #JohnnyDepp #TokyoExhibition #ImmersiveArt #BAUART #ArtExhibition #Tokyo #日本展覧会 #WeAreNSN","photo","385","3955","2392","165","100","9","38"
"Nov 21, 2025 06:38:25 PM","https://lg-image-prod.s3.us-east-1.amazonaws.com/fb-analytics/397113476816736_122170910822476622-3bf0e5fe20f9d7.jpg","特別展：ジョニー・デップ
『A Bunch of Stuff』展 
描くことは、思い出すこと。思い出すことは、感じること。
『A Bunch of Stuff』の中で、光そのものが記憶となり、
一筆一筆が、深く生きた人生の静かな余韻となる。

このエキシビションはSilk the Rich (@silk_therich)の提供での開催。
公式パートナー:ファミリーマート、Hot Toys、JPS Gallery
@johnnydepp @familymart.japan @hottoyscollectibles, @hottoys_japan, @jpsgallery

Special Exhibition: Johnny Depp
A Bunch of Stuff 
To paint is to remember. To remember is to feel.
In A Bunch of Stuff, light itself becomes memory — every stroke a quiet echo of a life lived deeply.

This exhibition is presented by Silk the Rich.
Official Partners: FamilyMart, Hot Toys, and JPS Gallery.

#ABunchOfStuff #JohnnyDepp #TokyoExhibition #ImmersiveArt #BAUART #ArtExhibition #Tokyo #日本展覧会 #WeAreNSN","photo","224","3019","1716","83","65","4","17"
"Nov 20, 2025 01:08:19 PM","https://lg-image-prod.s3.us-east-1.amazonaws.com/fb-analytics/397113476816736_122170807748476622-85101d444f453a.jpg","【開幕日決定のお知らせ】⁠
⁠
ジョニー・デップによる没入型エキシビション「A Bunch of Stuff」東京展が、⁠
2025年11月28日(金)より正式に開幕いたします。⁠
⁠
📍 会場:NEWoMan高輪 南館2F「+Base 0」⁠
📅 期間:2025年11月28日〜2026年5月6日⁠
🎫 チケット:好評販売中(プロフィールのリンクから)⁠
⁠
ジョニーの30年以上にわたる創作活動から生まれた100点以上の作品を、13の没入型空間でご体験ください。⁠
⁠
詳細・チケット購入:⁠
🔗 abunchofstuff.com/ja⁠
プロフィールのリンクからもアクセス可能⁠
⁠
[Opening Date Announcement]⁠
⁠
The Tokyo edition of Johnny Depp’s immersive exhibition “A Bunch of Stuff” will officially open on Friday, November 28, 2025!⁠
⁠
📍 Venue: NEWoMan Takanawa, South Building 2F “+Base 0”⁠
📅 Period: November 28, 2025 – May 6, 2026⁠
🎫 Tickets: Now on sale (link in bio)⁠
⁠
Experience over 100 works from more than 30 years of Johnny’s creative journey, showcased across 13 immersive spaces.⁠
⁠
Details & Tickets:⁠
🔗 abunchofstuff.com/ja ⁠
Also available via the link in bio ⁠
⁠
#ABunchOfStuff #JohnnyDepp #東京展覧会 #NEWoMan高輪 #没入型アート","photo","406","3853","2074","181","110","21","23"
"Nov 19, 2025 05:31:30 PM","https://lg-image-prod.s3.us-east-1.amazonaws.com/fb-analytics/397113476816736_122170742336476622-43489e568a2afa.jpg","特別展：ジョニー・デップ⁠
『A Bunch of Stuff』展 ⁠
愛する人々を描いた温かな肖像⁠
私的な記憶に触れるひととき⁠
⁠
このエキシビションはSilk the Rich (@silk_therich)の提供での開催。⁠
公式パートナー:ファミリーマート、Hot Toys、JPS Gallery⁠
@johnnydepp @familymart.japan @hottoyscollectibles, @hottoys_japan, @jpsgallery⁠
⁠
Special Exhibition: Johnny Depp⁠
A Bunch of Stuff – November 2025 –⁠
⁠
See Johnny Depp’s ‘Bunnyman man’ and over 60 pieces of his original art at A Bunch Of Stuff Tokyo. ⁠
⁠
#ABunchOfStuff #JohnnyDepp #TokyoExhibition #ImmersiveArt #BAUART #ArtExhibition #Tokyo #日本展覧会 #WeAreNSN","photo","282","3008","1489","103","77","8","29"
"Nov 18, 2025 08:02:17 PM","https://lg-image-prod.s3.us-east-1.amazonaws.com/fb-analytics/397113476816736_122170656584476622-59e3316ed3fea9.jpg","特別展：ジョニー・デップ⁠
『A Bunch of Stuff』展 ⁠
眼は見るだけではない——感じている。⁠
一筆ごとに鼓動があり、一色ごとに告白がある。⁠
⁠
このエキシビションはSilk the Rich (@silk_therich)の提供での開催。⁠
公式パートナー:ファミリーマート、Hot Toys、JPS Gallery⁠
@johnnydepp @familymart.japan @hottoyscollectibles, @hottoys_japan, @jpsgallery

Special Exhibition: Johnny Depp
A Bunch of Stuff 
The eye does not only see — it feels.
In every brushstroke, a heartbeat; in every hue, a confession.

This exhibition is presented by Silk the Rich.
Official Partners: FamilyMart, Hot Toys, and JPS Gallery.","photo","325","2686","1478","165","75","8","21"
"Nov 17, 2025 06:24:05 PM","https://lg-image-prod.s3.us-east-1.amazonaws.com/fb-analytics/397113476816736_122170560878476622-a2a43dde0efb40.jpg","特別展：ジョニー・デップ⁠
『A Bunch of Stuff』展 ⁠
色彩を削ぎ、光で語る表現⁠
俳優を越えたアーティストの真髄⁠
⁠
このエキシビションはSilk the Rich (@silk_therich)の提供での開催。⁠
公式パートナー:ファミリーマート、Hot Toys、JPS Gallery⁠
@johnnydepp @familymart.japan @hottoyscollectibles, @hottoys_japan, @jpsgallery⁠
⁠
Special Exhibition: Johnny Depp⁠
A Bunch of Stuff – November 2025 –⁠
Stripped-down colors, expression through light⁠
The essence of the artist beyond the actor⁠
⁠
#ABunchOfStuff #JohnnyDepp #TokyoExhibition #ImmersiveArt #BAUART #ArtExhibition #Tokyo #日本展覧会 #WeAreNSN","photo","269","2626","1510","86","91","8","21"
"Nov 17, 2025 12:18:14 PM","https://lg-image-prod.s3.us-east-1.amazonaws.com/fb-analytics/397113476816736_122170541396476622-ade2a2d88096f8.jpg","特別展:ジョニー・デップ

A Bunch of Stuff – 2025年11月 –
ジョニー・デップがキャンバスに独特な質感を与えるためにRizlaペーパーを使用していることをご存知ですか?

1999年の作品「Who's Who?」でもその技法がご覧いただけます。

この作品をはじめ、数多くの作品を11月開催のA Bunch Of Stuff 東京展でぜひご覧ください。 ⁠

このエキシビションはSilk the Rich (@silk_therich)の提供での開催。⁠
公式パートナー:ファミリーマート、Hot Toys、JPS Gallery⁠
@johnnydepp @familymart.japan @hottoyscollectibles, @hottoys_japan, @jpsgallery⁠
⁠
Special Exhibition: Johnny Depp⁠
A Bunch of Stuff – November 2025 –⁠
⁠
Did you know that Johnny Depp uses Rizla papers to give unique texture to his canvases, as seen here with Johnny’s 1999 painting ‘Who’s Who?’. Check out this artwork and many more at A Bunch Of Stuff Tokyo, opening this November. ⁠
⁠
#ABunchOfStuff #JohnnyDepp #TokyoExhibition #ImmersiveArt #BAUART #ArtExhibition #Tokyo #日本展覧会 #WeAreNSN","photo","264","2307","1245","120","60","10","24"
"Nov 15, 2025 08:20:36 PM","https://lg-image-prod.s3.us-east-1.amazonaws.com/fb-analytics/397113476816736_122170363460476622-8dacbc02bfb1c1.jpg","特別展：ジョニー・デップ
『A Bunch of Stuff』展 
記憶と感情を描線に変える筆致
ジョニー・デップが紡ぐ肖像の叙事詩

このエキシビションはSilk the Rich (@silk_therich)の提供での開催。
公式パートナー:ファミリーマート、Hot Toys、JPS Gallery
@johnnydepp @familymart.japan @hottoyscollectibles, @hottoys_japan, @jpsgallery

Special Exhibition: Johnny Depp
A Bunch of Stuff 

Brushstrokes that transform memory and emotion
A portrait epic woven by Johnny Depp

#ABunchOfStuff #JohnnyDepp #TokyoExhibition #ImmersiveArt #BAUART #ArtExhibition #Tokyo #日本展覧会 #WeAreNSN","photo","302","2300","1196","104","88","9","31"
"Nov 14, 2025 04:01:00 PM","https://lg-image-prod.s3.us-east-1.amazonaws.com/fb-analytics/397113476816736_122170252052476622-ed089985279b65.jpg","特別展：ジョニー・デップ⁠
『A Bunch of Stuff』展 ⁠
絵具の断片ひとつひとつに、人生が宿る。⁠
愛、喪失、驚嘆~それらが形に編み込まれていく。⁠
⁠
このエキシビションはSilk the Rich (@silk_therich)の提供での開催。⁠
公式パートナー:ファミリーマート、Hot Toys、JPS Gallery⁠
@johnnydepp @familymart.japan @hottoyscollectibles, @hottoys_japan, @jpsgallery⁠
⁠
Special Exhibition: Johnny Depp⁠
A Bunch of Stuff ⁠
Each fragment of paint carries a life—love, loss, wonder—woven into form.⁠
⁠
This exhibition is presented by Silk the Rich.⁠
Official Partners: FamilyMart, Hot Toys, and JPS Gallery.","photo","179","2071","1036","66","46","5","20"
"Nov 12, 2025 07:28:28 PM","https://lg-image-prod.s3.us-east-1.amazonaws.com/fb-analytics/397113476816736_122170066328476622-a5ad7331486184.jpg","ジョニー・デップによる没入型エキシビション「A Bunch of Stuff」の“東京エディション”は、いままさに最後の仕上げ段階に入っています。
 
NEWoMan高輪の会場では追加の技術調整が必要となったため、すべての空間・音・映像が世界水準に到達するまで、開幕をわずかに後ろ倒しさせていただきます。
 
 既にチケットをお持ちの方には、ご来場時に特別なギフトをご用意しており、予約変更のご案内を直接ご連絡させていただきます!最新情報、新しい開幕日、ジョニー・デップの来日情報、そして東京限定体験の先行公開については、公式LINEコミュニティにぜひご参加ください。リンクはプロフィールをご覧ください。
 
リンクはプロフィールをご覧ください。 このエキシビションはSilk the Rich (@silk_therich)の提供での開催。 公式パートナー:ファミリーマート、Hot Toys、JPS Gallery
@familymart.japan @hottoyscollectibles, @hottoys_japan, @jpsgallery
 
We are putting the final touches on the Tokyo edition of Johnny Depp’s immersive exhibition “A Bunch of Stuff.”
 
Due to some minor, additional technical work needed at NEWoMAN Takanawa, we’ve decided to push the opening date slightly to ensure every room, sound and image meets our world-class standard. All existing ticket holders who this affects will receive an exclusive gift when they attend and will be contacted directly to rebook!
 
Join our exclusive LINE Community to be the first to hear about updates, including the new opening date, Johnny Depp’s in-person appearance, a first look at the Tokyo-only experiences and more. Link in bio.","photo","225","2254","1182","74","70","12","22"
"Nov 9, 2025 11:22:29 AM","https://lg-image-prod.s3.us-east-1.amazonaws.com/fb-analytics/397113476816736_122169770456476622-7b0603613258e3.jpg","特別展：ジョニー・デップ
『A Bunch of Stuff』展 
スターではなく、アーティストとしての真実
静かにその扉が開く

このエキシビションはSilk the Rich (@silk_therich)の提供での開催。

公式パートナー:ファミリーマート、Hot Toys、JPS Gallery
@johnnydepp @familymart.japan @hottoyscollectibles, @hottoys_japan, @jpsgallery

“Special Exhibition: Johnny Depp
A Bunch of Stuff

The truth of the artist, not the star
This November, the doors quietly open

#ABunchOfStuff #JohnnyDepp #TokyoExhibition #ImmersiveArt #BAUART #ArtExhibition #Tokyo #日本展覧会 #WeAreNSN”","album","491","3550","1700","275","88","7","37"
"Nov 7, 2025 04:15:52 PM","https://lg-image-prod.s3.us-east-1.amazonaws.com/fb-analytics/397113476816736_122169611060476622-602f45cfa46aa8.jpg","ジョニー・デップ 特別展 “A Bunch of Stuff”⁠
⁠
世界を魅了し続ける伝説が、東京に降臨。⁠
海外初公開となる本展覧会では、ジョニー・デップの創造性とファミリーマートの日常が交差する、特別なコラボレーションが実現。⁠
アートと生活が溶け合う、これまでにない体験があなたを待っています。⁠
⁠
📅 2025年11月スタート 🎨 ニューヨークから初上陸。⁠
⁠
このエキシビションはSilk the Rich (@silk_therich)の提供での開催。⁠
公式パートナー:ファミリーマート、Hot Toys、JPS Gallery⁠
@johnnydepp @familymart.japan @hottoyscollectibles, @hottoys_japan, @jpsgallery⁠
⁠
Johnny Depp Special Exhibition “A Bunch of Stuff”⁠
⁠
The legend that continues to captivate the world descends upon Tokyo. ⁠
⁠
Making its first appearance outside the United States, this special exhibition features a unique collaboration with FamilyMart. Experience an unprecedented fusion of art and daily life that awaits you.⁠
⁠
📅 Launching November 2025 🎨 First arrival from New York⁠
⁠
This exhibition is proudly presented by Silk The Rich In collaboration with FamilyMart, Hot Toys, and JPS Gallery.⁠
⁠
#ジョニーデップ #ABunchOfStuff #SilkTheRich #ファミマ #特別展 #東京","photo","224","2098","1107","76","53","2","33"
"Nov 4, 2025 11:06:33 AM","https://lg-image-prod.s3.us-east-1.amazonaws.com/fb-analytics/397113476816736_122169313544476622-47858671562d09.jpg","「伝説は終わらない。」⁠
世界を揺るがした本人が⁠
ついに日本へ――⁠
ジョニー・デップ特別展⁠
人、敬愛するアイコンの肖像を、余白を活かした簡潔な構図と柔らかな筆致で表現します。","photo","722","6009","3423","388","165","12","48"
"Nov 3, 2025 12:59:39 PM","https://lg-image-prod.s3.us-east-1.amazonaws.com/fb-analytics/397113476816736_122169211328476622-142221e52c9310.jpg","“特別展：ジョニー・デップ
『A Bunch of Stuff』展 - 11月14日 -
記憶を抱く光、沈黙を語る色彩
デップの筆跡が導く静かな旅路”

“Special Exhibition: Johnny Depp
A Bunch of Stuff – November 14 –

Light that embraces memory, colors that speak in silence.
A quiet journey guided by Depp’s brushstrokes.

#ABunchOfStuff #JohnnyDepp #TokyoExhibition #ImmersiveArt #BAUART #ArtExhibition #Tokyo #日本展覧会 #WeAreNSN”","photo","572","5038","2980","277","149","9","32"
"Nov 2, 2025 11:47:53 AM","https://lg-image-prod.s3.us-east-1.amazonaws.com/fb-analytics/397113476816736_122169102728476622-8637268ffe0540.jpg","特別展：ジョニー・デップ⁠
『A Bunch of Stuff』展⁠
11月14日⁠
映画の彼ではなく、画家としての真実が現れる――⁠
⁠
幼少期から続く素描の習慣は、彼にとって心の避難所であり、筆を通じて家族や友人への愛を静かに語ります。⁠
⁠
#ABunchOfStuff #JohnnyDepp #TokyoExhibition #ImmersiveArt #BAUART #ArtExhibition #Tokyo #日本展覧会 #WeAreNSN","photo","581","3912","2204","203","161","18","67"
"Oct 31, 2025 05:20:23 PM","https://lg-image-prod.s3.us-east-1.amazonaws.com/fb-analytics/397113476816736_122168948114476622-34edf93c30fbd0.jpg","特別展：ジョニー・デップ⁠
『A Bunch of Stuff』展 - 11月14日 -⁠
夢と記憶が混ざり合う肖像の物語⁠
特別展で感じる想像力の解放⁠
⁠
彼のキャンバスには、スターとしての仮面ではなく、親しい人々や敬愛するアイコンへの真摯な眼差しが刻まれています。⁠
⁠
Special Exhibition: Johnny Depp⁠
A Bunch of Stuff – November 14 –⁠
A story of portraits where dreams and memories intertwine⁠
Experience the liberation of imagination at the special exhibition⁠
⁠
On his canvases, it is not the mask of a star but a sincere gaze toward close loved ones and admired icons that is engraved.⁠
⁠
#ABunchOfStuff #JohnnyDepp #TokyoExhibition #ImmersiveArt #BAUART #ArtExhibition #東京 #日本展覧会 #WeAreNSN #アート","photo","412","3738","2147","140","136","11","31"
"Oct 29, 2025 11:03:33 AM","https://lg-image-prod.s3.us-east-1.amazonaws.com/fb-analytics/397113476816736_122168760224476622-c614b0933c987f.jpg","“世界を魅了してきた彼の存在が、今、日常のすぐそばに”⁠
⁠
特別展とともに広がる⁠
ジョニー・デップ × ファミリーマート コラボレーション⁠
⁠
@johnnydepp @familymart.japan⁠
⁠
ジョニー・デップ⁠
ハリウッドを代表する俳優であり、音楽やアートの分野でも活動する多彩なクリエイター。今回、11月14日より開幕する特別展と同時に、ファミリーマートとのコラボレーションも実現。日本のファンがこれまで以上に身近に彼を感じられる、忘れられない瞬間となるだろう。⁠
⁠
#ABunchOfStuff #JohnnyDepp #TokyoExhibition #ImmersiveArt #BAUART #ArtExhibition #Tokyo #日本展覧会 #WeAreNSN #アート #東京","photo","355","3006","1612","120","113","7","27"
"Oct 28, 2025 11:29:10 AM","https://lg-image-prod.s3.us-east-1.amazonaws.com/fb-analytics/397113476816736_122168682770476622-e4e3d1111bccda.jpg","特別展：ジョニー・デップ⁠
『A Bunch of Stuff』展⁠
11月14日⁠
光と記憶を抱くアートが、静かに息づく――⁠
⁠
余白を生かした構図と繊細な色彩は、デップが俳優としてではなく一人の人間として持つ静かな情熱を伝えます。⁠
⁠
Special Exhibition: Johnny Depp⁠
A Bunch of Stuff: November 14⁠
Art that embraces light and memory quietly comes to life—⁠
Compositions that use empty space and delicate colors convey Depp’s quiet passion, not as an actor, but as a human being.⁠
⁠
#ABunchOfStuff #JohnnyDepp #TokyoExhibition #ImmersiveArt #BAUART #ArtExhibition #Tokyo #日本展覧会 #WeAreNSN #アート #東京 #高輪ゲートウェイ","photo","307","2985","1744","98","108","6","21"
"Oct 27, 2025 11:01:58 AM","https://lg-image-prod.s3.us-east-1.amazonaws.com/fb-analytics/397113476816736_122168599154476622-6fc5753ad3ae3a.jpg","世界を虜にした存在が、今ここに息づく。⁠
特別展から広がる新たな世界⁠
ジョニー・デップ × ファミリーマート⁠
コラボレーション⁠
⁠
@johnnydepp @familymart.japan⁠
⁠
ジョニー・デップ⁠
今回、11月14日より開幕する特別展と同時に、ファミリーマートとのコラボレーションも実現。日本のファンがこれまで以上に身近に彼を感じられる、忘れられない瞬間となるだろう。⁠
⁠
The presence that has captivated the world now breathes here.⁠
A new world unfolds from the special exhibition⁠
Tickets available at FamilyMart⁠
⁠
Alongside the special exhibition opening on November 14, a collaboration with FamilyMart is also coming to life. For fans in Japan, it will be an unforgettable moment to feel closer to him than ever before.⁠
⁠
#ABunchOfStuff #JohnnyDepp #TokyoExhibition #ImmersiveArt #BAUART #ArtExhibition #Tokyo #日本展覧会 #WeAreNSN #東京 #アート","photo","562","4160","2480","197","180","13","40"
"Oct 24, 2025 05:13:52 PM","https://lg-image-prod.s3.us-east-1.amazonaws.com/fb-analytics/397113476816736_122168343962476622-b1306ea562a2b4.jpg","世界を虜にした存在が、今ここに息づく。⁠
光を通して記憶を守る肖像の物語⁠
特別展で体感するジョニー・デップの創作世界⁠
⁠
ジョニー・デップ(@johnnydepp)の情熱は、光を通して記憶を守り、肖像で物語を紡ぐ行為です。近年の「Let the Light In」や「Friends & Heroes」シリーズでは、愛する人々や人生の象徴を直感的な筆致で描き、静かな内省とつながりを伝えています。⁠
⁠
The presence that has captivated the world now breathes here.⁠
A story of portraits preserving memory through light⁠
Experience Johnny Depp’s creative world at the special exhibition⁠
⁠
Johnny Depp’s passion lies in preserving memory through light and weaving stories in portraits. He expresses his love and respect for family, friends, and admired icons through minimal compositions and soft light. In recent series such as “Let the Light In” and “Friends & Heroes,” he paints loved ones and symbols of life with intuitive brushstrokes, conveying quiet introspection and deep connection.⁠
⁠
#ABunchOfStuff #JohnnyDepp #TokyoExhibition #ImmersiveArt #BAUART #ArtExhibition #Tokyo #日本展覧会 #WeAreNSN #東京 #アート","photo","491","4629","2450","172","152","12","46"
"Oct 23, 2025 07:55:38 PM","https://lg-image-prod.s3.us-east-1.amazonaws.com/fb-analytics/397113476816736_122168262722476622-5b61b6f0bd7a7d.jpg","特別展：ジョニー・デップ⁠
11月14日より開幕ッ！⁠
⁠
彼の存在は、あなたが思うより近くに――⁠
⁠
続報をお楽しみに！⁠
⁠
A Bunch Of Stuff by Johnny Depp⁠
Opening November 14!⁠
⁠
His presence is closer than you think—⁠
⁠
Stay tuned for more updates!⁠
⁠
#ABunchOfStuff #JohnnyDepp #TokyoExhibition #ImmersiveArt #BAUART #ArtExhibition #Tokyo #日本展覧会 #WeAreNSN #東京","photo","1180",,"6238","507","339","37","58"
"Oct 22, 2025 10:56:44 AM","https://lg-image-prod.s3.us-east-1.amazonaws.com/fb-analytics/397113476816736_122168120228476622-f018b53f3bb065.jpg","特別展：ジョニー・デップ⁠
「A Bunch of Stuff」⁠
11月14日⁠
彼の私的な創作世界が、目の前に広がる⁠
ーージョニー・デップの作品は、映画では⁠
語れない内面世界を映し出し、⁠
親密な人々や憧れの存在への敬意を柔らかな筆致で刻んでいます。⁠
⁠
Special Exhibition: Johnny Depp⁠
A Bunch of Stuff Opening November 14⁠
⁠
His private world of creation unfolds before your eyes—⁠
Johnny Depp’s works reveal an inner world that cannot be expressed through film, capturing his respect and affection for close loved ones and admired figures with gentle, expressive brushstrokes.⁠
⁠
#ABunchOfStuff #JohnnyDepp #TokyoExhibition #ImmersiveArt #BAUART #ArtExhibition #Tokyo #日本展覧会 #WeAreNSN","photo","977","14761","9908","502","243","18","46"
"Oct 17, 2025 05:49:44 PM","https://lg-image-prod.s3.us-east-1.amazonaws.com/fb-analytics/397113476816736_122167679516476622-fe4589634cda60.jpg","「日本へ、こんにちは」
ジョニー・デップ(@johnnydepp）からの特別なメッセージ

Konnichiwa, Japan.
A special message from Johnny.

#ABunchOfStuff #JohnnyDepp #TokyoExhibition #ImmersiveArt #BAUART #ArtExhibition #Tokyo #日本展覧会 #WeAreNSN","video_inline","1933","9986","8023","751","587","64","120"
"Oct 17, 2025 11:07:21 AM","https://lg-image-prod.s3.us-east-1.amazonaws.com/fb-analytics/397113476816736_122167658762476622-6e7fa40998d9c5.jpg","「日本へ、こんにちは」
ジョニー・デップ(@johnnydepp）からの特別なメッセージ

Konnichiwa, Japan.
A special message from Johnny.

#ABunchOfStuff #JohnnyDepp #TokyoExhibition #ImmersiveArt #BAUART #ArtExhibition #Tokyo #日本展覧会 #WeAreNSN","video_inline","361",,"354","143","74","33","17"
